post_id,post_date,creator_id,views,likes,comments,shares,clicks,,total views,,total clicks,,,,,,,order_id,order_date,creator_id,revenue,,total revenue
T0001,3/13/2025,A02,126958,11522,3292,1646,2434,,27186281,,953919,,,,,,,O0001,3/27/2025,A09,119298,,96840744
T0002,3/28/2025,A01,115268,8850,2528,1264,3722,,,,,,,,,,,O0002,3/29/2025,A03,256376,,
T0003,1/24/2025,A05,92498,8845,2527,1263,3705,,,,,,,,,,,O0003,1/17/2025,A05,89499,,
T0004,1/30/2025,A04,46090,1679,479,239,2696,,total order,,Overall Conversion Rate,,,"dari semua yang klik, berapa yang pesan",,,,O0004,2/15/2025,A05,219631,,
T0005,2/27/2025,A04,10311,1077,307,153,421,,350,,0.000366907,0.04%,,"dari 1000 klik, 0.37 order terlaksana",,,,O0005,3/20/2025,A10,292997,,
T0006,3/1/2025,A03,135608,9727,2779,1389,4067,,,,,,,,,,,O0006,3/27/2025,A04,146347,,
T0007,3/3/2025,A02,128855,6609,1888,944,1872,,,,,,,,,,,O0007,1/20/2025,A06,347632,,
T0008,1/3/2025,A09,124346,7681,2194,1097,7356,,revenue per klik,,,,,,,,,O0008,3/15/2025,A04,255735,,
T0009,2/8/2025,A02,74092,5744,1641,820,1372,,101.5188334,,pendapatan dari setiap klik,,,,,,,O0009,2/1/2025,A05,373825,,
T0010,1/9/2025,A10,92313,9362,2675,1337,5380,,,,,,,,,,,O0010,1/2/2025,A09,318512,,
T0011,3/1/2025,A07,73148,3742,1069,534,1613,,,,,,,,,,,O0011,2/2/2025,A08,424504,,
T0012,2/4/2025,A01,129358,10051,2871,1435,6682,,,,,,,,,,,O0012,3/18/2025,A05,269724,,
T0013,1/4/2025,A01,85077,5306,1516,758,1625,,Creator,Total revenue,Total views,Total Likes,Total Comment,Total Shares,,,,O0013,1/26/2025,A01,362213,,
T0014,1/4/2025,A02,24457,1583,452,226,498,,A01,10081846,3397917,217221,62051,31016,,,,O0014,3/7/2025,A02,262133,,
T0015,2/3/2025,A04,14692,1511,431,215,716,,A02,7204562,3688225,288381,82376,41178,,,,O0015,3/31/2025,A07,100861,,
T0016,2/17/2025,A04,42065,4107,1173,586,1678,,A03,9003987,2527157,154477,44126,22053,,,,O0016,1/15/2025,A05,380721,,
T0017,3/3/2025,A09,16534,681,194,97,327,,A04,10945438,3793113,248152,70885,35432,,,,O0017,2/13/2025,A01,374912,,
T0018,2/22/2025,A10,60591,5702,1629,814,2869,,A05,9922133,2275806,186108,53165,26574,,,,O0018,3/16/2025,A01,369804,,
T0019,2/10/2025,A01,91807,5505,1573,786,2207,,A06,8635669,1821281,134125,38312,19151,,,,O0019,3/8/2025,A06,493002,,
T0020,3/12/2025,A09,43044,3923,1121,560,590,,A07,13542060,2486270,153409,43821,21904,,,,O0020,1/6/2025,A03,265048,,
T0021,3/29/2025,A04,7568,673,192,96,150,,A08,9303269,2635853,168144,48034,24010,,,,O0021,1/6/2025,A05,167832,,
T0022,2/4/2025,A09,141330,6913,1975,987,6439,,A09,9788932,3453534,224731,64192,32088,,,,O0022,2/1/2025,A03,83320,,
T0023,2/10/2025,A07,134312,10398,2970,1485,7563,,A10,8412848,2541819,134169,38319,19151,,,,O0023,3/17/2025,A08,414359,,
T0024,2/2/2025,A04,27662,2614,746,373,898,,,,,,,,,,,O0024,2/19/2025,A09,309931,,
T0025,2/6/2025,A08,94135,5738,1639,819,4089,,Creator A07 punya revenue tertinggi,,,,,,,,,O0025,3/3/2025,A07,468899,,
T0026,2/16/2025,A10,15965,1550,442,221,536,,,,,,,,,,,O0026,3/3/2025,A09,373694,,
T0027,1/9/2025,A05,103806,9235,2638,1319,3601,,Creator,Engagement Rate,,,,,,,,O0027,1/7/2025,A01,279834,,
T0028,3/18/2025,A01,136278,8848,2528,1264,1535,,A01,0.091317122,,,,,,,,O0028,3/25/2025,A02,148511,,
T0029,1/4/2025,A03,55015,4376,1250,625,1414,,A02,0.111689227,,,,,,,,O0029,1/4/2025,A02,323797,,
T0030,1/29/2025,A07,110878,8571,2449,1224,4101,,A03,0.087313926,,,,,,,,O0030,2/27/2025,A03,131941,,
T0031,1/28/2025,A06,67623,5201,1486,743,3025,,A04,0.093450683,,,,,,,,O0031,1/26/2025,A09,345806,,
T0032,1/6/2025,A05,48585,3823,1092,546,1204,,A05,0.116814438,11.68%,Engagement rate tertinggi,,,,,,O0032,1/3/2025,A01,499662,,
T0033,3/3/2025,A03,100259,5042,1440,720,3090,,A06,0.105194091,,,,,,,,O0033,2/10/2025,A06,303627,,
T0034,3/3/2025,A04,23047,2109,602,301,1263,,A07,0.088137652,,,,,,,,O0034,1/14/2025,A10,423706,,
T0035,3/18/2025,A06,28776,1555,444,222,1219,,A08,0.091123443,,,,,,,,O0035,3/23/2025,A09,261957,,
T0036,1/27/2025,A02,60016,3380,965,482,1094,,A09,0.092951452,,,,,,,,O0036,1/12/2025,A03,191398,,
T0037,2/13/2025,A02,124101,6273,1792,896,1984,,A10,0.075394432,,,,,,,,O0037,1/12/2025,A07,182632,,
T0038,2/21/2025,A07,78530,4525,1292,646,2822,,,,,,,,,,,O0038,2/14/2025,A03,133186,,
T0039,2/8/2025,A02,56005,5769,1648,824,3255,,,,,,,,,,,O0039,1/19/2025,A01,201094,,
T0040,1/2/2025,A06,72172,3965,1132,566,854,,,,,,,,,,,O0040,2/14/2025,A05,78380,,
T0041,1/1/2025,A06,117859,4549,1299,649,2820,,,,,,,,,,,O0041,2/22/2025,A06,120326,,
T0042,3/9/2025,A10,55859,3705,1058,529,2102,,,,,,,,,,,O0042,2/1/2025,A01,164994,,
T0043,2/7/2025,A05,103506,6301,1800,900,2288,,,,,,,,,,,O0043,2/13/2025,A06,332193,,
T0044,1/11/2025,A01,111308,8822,2520,1260,4638,,,,,,,,,,,O0044,3/11/2025,A04,417505,,
T0045,2/28/2025,A08,115078,4755,1358,679,5957,,,,,,,,,,,O0045,3/24/2025,A04,312805,,
T0046,2/28/2025,A09,56663,2144,612,306,2240,,,,,,,,,,,O0046,2/6/2025,A02,315064,,
T0047,1/19/2025,A02,117547,4250,1214,607,4185,,,,,,,,,,,O0047,2/28/2025,A06,295378,,
T0048,2/2/2025,A07,147483,11822,3377,1688,2760,,,,,,,,,,,O0048,1/28/2025,A09,391705,,
T0049,1/11/2025,A02,76295,5435,1552,776,3958,,,,,,,,,,,O0049,2/4/2025,A07,488716,,
T0050,1/31/2025,A09,13155,1137,324,162,269,,,,,,,,,,,O0050,2/23/2025,A10,105230,,
T0051,1/16/2025,A05,90981,7615,2175,1087,1949,,,,,,,,,,,O0051,3/20/2025,A03,473243,,
T0052,1/2/2025,A10,101601,10541,3011,1505,3640,,,,,,,,,,,O0052,2/18/2025,A04,424484,,
T0053,2/1/2025,A06,108727,11153,3186,1593,4122,,,,,,,,,,,O0053,1/31/2025,A03,109321,,
T0054,1/3/2025,A10,12400,737,210,105,574,,,,,,,,,,,O0054,3/2/2025,A03,281447,,
T0055,1/24/2025,A04,9499,922,263,131,465,,,,,,,,,,,O0055,1/20/2025,A07,491124,,
T0056,3/25/2025,A02,148946,14968,4276,2138,7338,,,,,,,,,,,O0056,1/4/2025,A01,338107,,
T0057,1/18/2025,A01,131063,5518,1576,788,5658,,,,,,,,,,,O0057,1/20/2025,A03,411403,,
T0058,3/21/2025,A04,26357,1934,552,276,1175,,,,,,,,,,,O0058,1/24/2025,A06,426369,,
T0059,2/2/2025,A05,55108,2793,798,399,2513,,,,,,,,,,,O0059,2/18/2025,A07,392962,,
T0060,1/8/2025,A02,96412,4581,1308,654,2730,,,,,,,,,,,O0060,2/5/2025,A04,469065,,
T0061,2/28/2025,A04,91416,5170,1477,738,3394,,,,,,,,,,,O0061,3/7/2025,A05,339102,,
T0062,2/20/2025,A02,24830,1304,372,186,980,,,,,,,,,,,O0062,2/3/2025,A03,436821,,
T0063,1/21/2025,A07,81213,7993,2283,1141,2576,,,,,,,,,,,O0063,2/8/2025,A02,455417,,
T0064,3/10/2025,A05,59045,4732,1352,676,2565,,,,,,,,,,,O0064,2/27/2025,A07,92229,,
T0065,2/4/2025,A08,98179,8401,2400,1200,2360,,,,,,,,,,,O0065,1/12/2025,A01,299474,,
T0066,1/30/2025,A06,114616,4361,1246,623,6845,,,,,,,,,,,O0066,1/18/2025,A08,438647,,
T0067,2/6/2025,A03,48484,2645,755,377,2626,,,,,,,,,,,O0067,1/21/2025,A04,397022,,
T0068,3/1/2025,A06,8420,547,156,78,491,,,,,,,,,,,O0068,1/26/2025,A04,69975,,
T0069,3/28/2025,A06,129019,7174,2049,1024,3774,,,,,,,,,,,O0069,3/28/2025,A08,454777,,
T0070,2/23/2025,A04,123015,8484,2424,1212,3522,,,,,,,,,,,O0070,2/13/2025,A06,247133,,
T0071,2/1/2025,A05,108746,8145,2327,1163,1615,,,,,,,,,,,O0071,3/19/2025,A05,230225,,
T0072,1/27/2025,A02,9014,940,268,134,153,,,,,,,,,,,O0072,2/6/2025,A04,114324,,
T0073,2/2/2025,A10,15729,1516,433,216,739,,,,,,,,,,,O0073,2/7/2025,A04,438076,,
T0074,2/11/2025,A03,110864,9331,2666,1333,3101,,,,,,,,,,,O0074,2/10/2025,A01,216205,,
T0075,1/7/2025,A09,34592,2691,768,384,487,,,,,,,,,,,O0075,3/1/2025,A04,148317,,
T0076,1/16/2025,A04,115627,10508,3002,1501,4913,,,,,,,,,,,O0076,3/30/2025,A07,151459,,
T0077,3/7/2025,A03,92922,5450,1557,778,2674,,,,,,,,,,,O0077,1/2/2025,A06,250422,,
T0078,2/27/2025,A08,147038,12063,3446,1723,3882,,,,,,,,,,,O0078,3/11/2025,A05,151520,,
T0079,3/27/2025,A07,131141,7220,2062,1031,5185,,,,,,,,,,,O0079,3/30/2025,A02,273224,,
T0080,2/23/2025,A05,36024,1355,387,193,1841,,,,,,,,,,,O0080,1/28/2025,A05,379793,,
T0081,1/5/2025,A09,118632,11026,3150,1575,2797,,,,,,,,,,,O0081,2/4/2025,A06,194832,,
T0082,2/16/2025,A04,92235,8664,2475,1237,1818,,,,,,,,,,,O0082,2/9/2025,A09,398619,,
T0083,1/30/2025,A06,78523,3477,993,496,4591,,,,,,,,,,,O0083,2/25/2025,A07,279027,,
T0084,2/27/2025,A01,91672,5767,1647,823,2903,,,,,,,,,,,O0084,2/14/2025,A09,433894,,
T0085,3/3/2025,A04,117566,6179,1765,882,2259,,,,,,,,,,,O0085,2/16/2025,A06,285806,,
T0086,2/27/2025,A01,137222,11487,3282,1641,4178,,,,,,,,,,,O0086,1/11/2025,A01,233305,,
T0087,2/17/2025,A06,21896,1444,412,206,481,,,,,,,,,,,O0087,3/8/2025,A02,83397,,
T0088,1/16/2025,A07,25056,2034,581,290,601,,,,,,,,,,,O0088,1/14/2025,A05,388511,,
T0089,1/22/2025,A05,149572,12960,3703,1851,5641,,,,,,,,,,,O0089,3/15/2025,A03,252332,,
T0090,1/29/2025,A02,72215,3329,951,475,1156,,,,,,,,,,,O0090,1/10/2025,A10,388763,,
T0091,3/3/2025,A04,14435,551,157,78,173,,,,,,,,,,,O0091,1/1/2025,A05,449492,,
T0092,2/8/2025,A10,48919,2047,584,292,1691,,,,,,,,,,,O0092,1/20/2025,A01,391674,,
T0093,1/10/2025,A06,61573,4025,1150,575,1842,,,,,,,,,,,O0093,3/17/2025,A02,421000,,
T0094,1/10/2025,A04,103116,10009,2859,1429,2376,,,,,,,,,,,O0094,3/5/2025,A10,121635,,
T0095,3/10/2025,A08,28289,2838,811,405,991,,,,,,,,,,,O0095,1/28/2025,A07,266184,,
T0096,1/2/2025,A07,21364,991,283,141,289,,,,,,,,,,,O0096,2/6/2025,A06,232958,,
T0097,3/25/2025,A08,99704,9542,2726,1363,4169,,,,,,,,,,,O0097,3/17/2025,A06,142324,,
T0098,2/20/2025,A03,16938,1355,387,193,557,,,,,,,,,,,O0098,2/18/2025,A07,282944,,
T0099,2/2/2025,A05,98610,9949,2842,1421,2889,,,,,,,,,,,O0099,2/13/2025,A10,391815,,
T0100,1/12/2025,A03,74449,3682,1052,526,1764,,,,,,,,,,,O0100,1/28/2025,A09,395454,,
T0101,2/4/2025,A04,43494,2670,763,381,519,,,,,,,,,,,O0101,3/20/2025,A02,199381,,
T0102,1/26/2025,A09,32350,1293,369,184,839,,,,,,,,,,,O0102,3/2/2025,A07,84707,,
T0103,1/7/2025,A09,80353,4728,1350,675,1850,,,,,,,,,,,O0103,3/19/2025,A10,393681,,
T0104,3/16/2025,A05,8267,690,197,98,226,,,,,,,,,,,O0104,3/14/2025,A04,228686,,
T0105,2/5/2025,A10,136484,5151,1471,735,4216,,,,,,,,,,,O0105,2/6/2025,A05,403299,,
T0106,2/18/2025,A07,49425,3194,912,456,1899,,,,,,,,,,,O0106,1/26/2025,A01,208492,,
T0107,1/24/2025,A10,88042,5624,1606,803,2518,,,,,,,,,,,O0107,1/1/2025,A07,220102,,
T0108,2/24/2025,A07,143429,10661,3046,1523,3145,,,,,,,,,,,O0108,2/4/2025,A01,267285,,
T0109,1/30/2025,A06,76180,6611,1889,944,1669,,,,,,,,,,,O0109,2/28/2025,A09,210928,,
T0110,3/30/2025,A04,116888,8463,2418,1209,4070,,,,,,,,,,,O0110,2/20/2025,A09,346141,,
T0111,1/12/2025,A03,124180,12130,3465,1732,3658,,,,,,,,,,,O0111,1/12/2025,A04,169273,,
T0112,3/24/2025,A09,64163,6512,1860,930,3691,,,,,,,,,,,O0112,1/20/2025,A06,298500,,
T0113,1/12/2025,A08,10486,428,122,61,152,,,,,,,,,,,O0113,3/29/2025,A07,284746,,
T0114,1/16/2025,A02,147202,7344,2098,1049,8436,,,,,,,,,,,O0114,2/12/2025,A02,246733,,
T0115,2/27/2025,A01,32192,1382,394,197,1820,,,,,,,,,,,O0115,3/30/2025,A06,401537,,
T0116,2/4/2025,A02,16174,1693,483,241,206,,,,,,,,,,,O0116,1/29/2025,A10,196470,,
T0117,3/17/2025,A03,43102,3155,901,450,1952,,,,,,,,,,,O0117,2/25/2025,A06,449854,,
T0118,1/9/2025,A03,6542,424,121,60,138,,,,,,,,,,,O0118,2/12/2025,A02,380929,,
T0119,1/29/2025,A07,98105,9558,2731,1365,1700,,,,,,,,,,,O0119,1/23/2025,A05,129141,,
T0120,3/6/2025,A10,59693,6211,1774,887,1713,,,,,,,,,,,O0120,3/25/2025,A09,89062,,
T0121,1/31/2025,A02,137396,12054,3444,1722,3958,,,,,,,,,,,O0121,2/14/2025,A05,440479,,
T0122,2/8/2025,A07,31790,2056,587,293,1758,,,,,,,,,,,O0122,2/19/2025,A07,355897,,
T0123,2/27/2025,A07,20485,1423,406,203,216,,,,,,,,,,,O0123,1/8/2025,A06,322369,,
T0124,2/8/2025,A10,35355,1531,437,218,561,,,,,,,,,,,O0124,3/26/2025,A07,173008,,
T0125,3/4/2025,A08,57224,4730,1351,675,1251,,,,,,,,,,,O0125,1/8/2025,A05,204268,,
T0126,1/6/2025,A09,33016,1347,384,192,1202,,,,,,,,,,,O0126,1/5/2025,A09,436542,,
T0127,2/16/2025,A05,41395,4282,1223,611,1564,,,,,,,,,,,O0127,3/27/2025,A03,296958,,
T0128,2/5/2025,A09,133148,5064,1447,723,7487,,,,,,,,,,,O0128,2/3/2025,A04,98320,,
T0129,2/16/2025,A01,96362,8063,2303,1151,1327,,,,,,,,,,,O0129,2/24/2025,A07,196649,,
T0130,1/1/2025,A02,22640,1135,324,162,559,,,,,,,,,,,O0130,2/12/2025,A07,138009,,
T0131,2/26/2025,A09,115133,8738,2496,1248,6338,,,,,,,,,,,O0131,1/30/2025,A03,498625,,
T0132,3/13/2025,A05,143186,7827,2236,1118,8236,,,,,,,,,,,O0132,3/23/2025,A10,262112,,
T0133,2/5/2025,A06,130899,5559,1588,794,3505,,,,,,,,,,,O0133,1/26/2025,A10,86487,,
T0134,1/28/2025,A02,66529,4136,1181,590,1428,,,,,,,,,,,O0134,2/16/2025,A05,278071,,
T0135,3/4/2025,A05,132016,7022,2006,1003,4311,,,,,,,,,,,O0135,3/17/2025,A07,362282,,
T0136,3/18/2025,A07,110616,6037,1725,862,3380,,,,,,,,,,,O0136,3/13/2025,A09,480424,,
T0137,1/6/2025,A03,102007,4731,1351,675,5666,,,,,,,,,,,O0137,2/15/2025,A01,473875,,
T0138,1/25/2025,A08,141785,9097,2599,1299,5537,,,,,,,,,,,O0138,2/2/2025,A05,151376,,
T0139,1/5/2025,A01,134473,5485,1567,783,7239,,,,,,,,,,,O0139,1/19/2025,A05,391278,,
T0140,2/18/2025,A05,6015,369,105,52,303,,,,,,,,,,,O0140,3/21/2025,A04,293341,,
T0141,3/27/2025,A09,133778,10245,2927,1463,3885,,,,,,,,,,,O0141,2/22/2025,A07,485503,,
T0142,1/1/2025,A03,11970,1124,321,160,621,,,,,,,,,,,O0142,3/10/2025,A10,208056,,
T0143,3/22/2025,A09,5404,210,60,30,287,,,,,,,,,,,O0143,3/31/2025,A10,320269,,
T0144,1/23/2025,A02,103142,9024,2578,1289,5740,,,,,,,,,,,O0144,3/7/2025,A06,153409,,
T0145,3/24/2025,A05,28524,2448,699,349,1364,,,,,,,,,,,O0145,3/5/2025,A08,55704,,
T0146,1/1/2025,A09,149528,7756,2216,1108,3028,,,,,,,,,,,O0146,2/2/2025,A08,254456,,
T0147,3/6/2025,A10,50106,2717,776,388,1020,,,,,,,,,,,O0147,3/30/2025,A08,161279,,
T0148,3/13/2025,A04,42744,3761,1074,537,527,,,,,,,,,,,O0148,1/13/2025,A04,208280,,
T0149,1/3/2025,A03,129454,10616,3033,1516,4662,,,,,,,,,,,O0149,3/18/2025,A09,247096,,
T0150,1/5/2025,A06,99074,5602,1600,800,5034,,,,,,,,,,,O0150,3/16/2025,A08,469139,,
T0151,2/16/2025,A03,130917,12615,3604,1802,3950,,,,,,,,,,,O0151,1/4/2025,A03,316258,,
T0152,3/7/2025,A09,20254,1779,508,254,830,,,,,,,,,,,O0152,3/11/2025,A02,86321,,
T0153,2/7/2025,A09,58682,5763,1646,823,2397,,,,,,,,,,,O0153,3/23/2025,A05,408796,,
T0154,2/20/2025,A01,60393,4805,1372,686,2279,,,,,,,,,,,O0154,1/23/2025,A09,206498,,
T0155,3/29/2025,A10,80745,4794,1369,684,2882,,,,,,,,,,,O0155,3/16/2025,A10,315856,,
T0156,2/20/2025,A06,47318,2969,848,424,1944,,,,,,,,,,,O0156,3/29/2025,A06,288389,,
T0157,2/25/2025,A08,48088,4879,1394,697,834,,,,,,,,,,,O0157,3/12/2025,A02,141736,,
T0158,1/6/2025,A01,24963,989,282,141,306,,,,,,,,,,,O0158,3/26/2025,A04,53726,,
T0159,2/12/2025,A02,19388,1150,328,164,396,,,,,,,,,,,O0159,3/6/2025,A05,77723,,
T0160,1/23/2025,A06,148087,8723,2492,1246,5458,,,,,,,,,,,O0160,3/12/2025,A04,412638,,
T0161,1/4/2025,A05,142162,6357,1816,908,5977,,,,,,,,,,,O0161,1/21/2025,A04,258786,,
T0162,1/27/2025,A04,113215,7224,2064,1032,6081,,,,,,,,,,,O0162,3/1/2025,A03,212396,,
T0163,2/20/2025,A01,74724,7705,2201,1100,2996,,,,,,,,,,,O0163,3/30/2025,A01,264432,,
T0164,3/2/2025,A04,62108,2908,830,415,1486,,,,,,,,,,,O0164,2/18/2025,A01,189999,,
T0165,1/12/2025,A10,28061,1156,330,165,449,,,,,,,,,,,O0165,2/4/2025,A04,465659,,
T0166,1/27/2025,A02,56745,2497,713,356,1504,,,,,,,,,,,O0166,3/31/2025,A08,159834,,
T0167,3/27/2025,A02,28624,1186,339,169,974,,,,,,,,,,,O0167,3/13/2025,A10,337681,,
T0168,2/17/2025,A08,146550,10378,2965,1482,2615,,,,,,,,,,,O0168,2/15/2025,A02,389720,,
T0169,2/21/2025,A02,140504,7640,2183,1091,7068,,,,,,,,,,,O0169,1/3/2025,A08,72612,,
T0170,3/31/2025,A09,136374,8309,2374,1187,4667,,,,,,,,,,,O0170,1/26/2025,A07,318615,,
T0171,1/26/2025,A03,33699,2049,585,292,1116,,,,,,,,,,,O0171,2/17/2025,A10,290069,,
T0172,1/3/2025,A03,9621,436,124,62,160,,,,,,,,,,,O0172,1/28/2025,A04,81348,,
T0173,1/18/2025,A08,23030,2167,619,309,1093,,,,,,,,,,,O0173,1/26/2025,A07,185832,,
T0174,3/5/2025,A09,110977,6635,1895,947,3313,,,,,,,,,,,O0174,1/12/2025,A08,333780,,
T0175,2/8/2025,A03,78688,6815,1947,973,1504,,,,,,,,,,,O0175,2/17/2025,A07,454772,,
T0176,2/13/2025,A05,55448,2761,788,394,1462,,,,,,,,,,,O0176,3/20/2025,A04,192635,,
T0177,3/9/2025,A09,9632,937,267,133,382,,,,,,,,,,,O0177,1/15/2025,A03,385914,,
T0178,3/27/2025,A10,12561,1133,323,161,438,,,,,,,,,,,O0178,2/17/2025,A01,470182,,
T0179,3/24/2025,A07,17910,1561,446,223,565,,,,,,,,,,,O0179,3/11/2025,A02,262781,,
T0180,3/5/2025,A04,105776,6200,1771,885,5815,,,,,,,,,,,O0180,2/12/2025,A07,239420,,
T0181,2/2/2025,A09,131394,7874,2249,1124,7795,,,,,,,,,,,O0181,1/21/2025,A04,476390,,
T0182,1/4/2025,A04,121148,5103,1458,729,2137,,,,,,,,,,,O0182,3/21/2025,A03,109182,,
T0183,1/3/2025,A05,81125,3823,1092,546,4448,,,,,,,,,,,O0183,1/15/2025,A09,368232,,
T0184,3/7/2025,A07,9324,967,276,138,145,,,,,,,,,,,O0184,2/5/2025,A08,189978,,
T0185,1/6/2025,A06,46427,4775,1364,682,2473,,,,,,,,,,,O0185,2/20/2025,A01,422494,,
T0186,2/20/2025,A08,136189,7225,2064,1032,2525,,,,,,,,,,,O0186,3/9/2025,A09,295900,,
T0187,2/20/2025,A09,58441,4323,1235,617,2254,,,,,,,,,,,O0187,3/27/2025,A04,480866,,
T0188,3/9/2025,A08,93236,8285,2367,1183,1804,,,,,,,,,,,O0188,2/3/2025,A02,358557,,
T0189,1/12/2025,A02,96922,4745,1355,677,4537,,,,,,,,,,,O0189,3/9/2025,A08,319295,,
T0190,2/7/2025,A04,132534,11199,3199,1599,6413,,,,,,,,,,,O0190,2/21/2025,A03,273725,,
T0191,3/18/2025,A04,6828,480,137,68,386,,,,,,,,,,,O0191,1/27/2025,A08,223724,,
T0192,1/10/2025,A02,52362,2022,577,288,1404,,,,,,,,,,,O0192,1/28/2025,A09,474226,,
T0193,1/13/2025,A06,87180,3438,982,491,5187,,,,,,,,,,,O0193,1/8/2025,A09,171999,,
T0194,3/14/2025,A01,10287,943,269,134,233,,,,,,,,,,,O0194,2/5/2025,A10,420321,,
T0195,2/18/2025,A10,98070,6669,1905,952,3000,,,,,,,,,,,O0195,1/2/2025,A06,226048,,
T0196,3/19/2025,A09,88524,8245,2355,1177,5156,,,,,,,,,,,O0196,3/18/2025,A08,466387,,
T0197,3/17/2025,A04,72444,6241,1783,891,4123,,,,,,,,,,,O0197,3/31/2025,A10,307368,,
T0198,1/22/2025,A10,78698,3120,891,445,3703,,,,,,,,,,,O0198,3/16/2025,A09,280662,,
T0199,1/14/2025,A04,142023,12740,3640,1820,7299,,,,,,,,,,,O0199,3/15/2025,A07,472950,,
T0200,3/24/2025,A01,93861,8706,2487,1243,1813,,,,,,,,,,,O0200,1/13/2025,A09,113646,,
T0201,2/11/2025,A02,136149,9750,2785,1392,3804,,,,,,,,,,,O0201,3/12/2025,A08,330887,,
T0202,2/1/2025,A01,48303,3218,919,459,2206,,,,,,,,,,,O0202,2/11/2025,A03,255244,,
T0203,3/4/2025,A04,148026,11647,3327,1663,5475,,,,,,,,,,,O0203,2/11/2025,A08,169735,,
T0204,3/7/2025,A02,145256,7445,2127,1063,7985,,,,,,,,,,,O0204,2/5/2025,A08,432035,,
T0205,2/20/2025,A01,132796,13074,3735,1867,5472,,,,,,,,,,,O0205,3/9/2025,A05,62149,,
T0206,3/13/2025,A06,46157,4652,1329,664,1910,,,,,,,,,,,O0206,1/7/2025,A04,371333,,
T0207,1/27/2025,A02,85910,8290,2368,1184,2987,,,,,,,,,,,O0207,1/1/2025,A05,464891,,
T0208,1/27/2025,A09,103723,10874,3106,1553,4939,,,,,,,,,,,O0208,2/14/2025,A09,456889,,
T0209,1/10/2025,A04,7336,273,78,39,282,,,,,,,,,,,O0209,2/16/2025,A08,138204,,
T0210,2/7/2025,A05,107916,10400,2971,1485,2924,,,,,,,,,,,O0210,1/22/2025,A04,466885,,
T0211,1/15/2025,A08,76907,5152,1472,736,3091,,,,,,,,,,,O0211,1/21/2025,A05,269861,,
T0212,3/17/2025,A04,25103,1142,326,163,538,,,,,,,,,,,O0212,1/9/2025,A08,233321,,
T0213,2/5/2025,A09,139828,11941,3411,1705,5880,,,,,,,,,,,O0213,1/9/2025,A02,131929,,
T0214,3/15/2025,A03,129714,9979,2851,1425,6659,,,,,,,,,,,O0214,3/29/2025,A05,126153,,
T0215,3/31/2025,A10,81325,4140,1183,591,2535,,,,,,,,,,,O0215,2/11/2025,A04,252903,,
T0216,3/3/2025,A10,81077,6327,1807,903,4507,,,,,,,,,,,O0216,3/21/2025,A05,282601,,
T0217,3/1/2025,A08,114777,8929,2551,1275,1251,,,,,,,,,,,O0217,2/6/2025,A06,301459,,
T0218,3/9/2025,A04,32306,3238,925,462,1235,,,,,,,,,,,O0218,2/19/2025,A06,155111,,
T0219,1/31/2025,A08,65279,2389,682,341,2778,,,,,,,,,,,O0219,1/19/2025,A09,479667,,
T0220,3/19/2025,A07,114945,4577,1307,653,1593,,,,,,,,,,,O0220,3/1/2025,A02,212982,,
T0221,1/21/2025,A04,139869,13811,3946,1973,2257,,,,,,,,,,,O0221,3/15/2025,A03,401064,,
T0222,1/1/2025,A02,137717,6616,1890,945,7144,,,,,,,,,,,O0222,1/18/2025,A03,284386,,
T0223,1/15/2025,A02,105158,5973,1706,853,2247,,,,,,,,,,,O0223,2/5/2025,A04,246553,,
T0224,3/15/2025,A07,73244,4508,1288,644,3458,,,,,,,,,,,O0224,2/24/2025,A07,310337,,
T0225,3/4/2025,A06,44224,1562,446,223,1179,,,,,,,,,,,O0225,3/10/2025,A03,245246,,
T0226,1/2/2025,A07,68731,4991,1426,713,3848,,,,,,,,,,,O0226,2/18/2025,A04,296242,,
T0227,1/17/2025,A07,13070,774,221,110,612,,,,,,,,,,,O0227,2/2/2025,A02,329158,,
T0228,2/20/2025,A08,142855,7245,2070,1035,4660,,,,,,,,,,,O0228,1/21/2025,A07,99104,,
T0229,2/2/2025,A01,72526,3378,965,482,848,,,,,,,,,,,O0229,1/22/2025,A07,389375,,
T0230,1/26/2025,A02,126008,11294,3227,1613,3008,,,,,,,,,,,O0230,2/6/2025,A06,66014,,
T0231,3/22/2025,A01,146467,7306,2087,1043,5237,,,,,,,,,,,O0231,2/4/2025,A09,214827,,
T0232,3/27/2025,A07,51163,3434,981,490,1937,,,,,,,,,,,O0232,3/12/2025,A08,335855,,
T0233,3/12/2025,A06,101731,7370,2105,1052,1955,,,,,,,,,,,O0233,1/11/2025,A07,107993,,
T0234,2/25/2025,A02,6759,268,76,38,321,,,,,,,,,,,O0234,3/14/2025,A01,208285,,
T0235,2/14/2025,A04,98501,4861,1389,694,1924,,,,,,,,,,,O0235,3/18/2025,A04,319565,,
T0236,1/1/2025,A04,95397,8925,2550,1275,3756,,,,,,,,,,,O0236,1/25/2025,A07,67727,,
T0237,2/7/2025,A04,69077,5870,1677,838,2513,,,,,,,,,,,O0237,2/4/2025,A07,54358,,
T0238,2/24/2025,A09,124614,5259,1502,751,3329,,,,,,,,,,,O0238,3/26/2025,A10,307681,,
T0239,3/24/2025,A08,45806,4018,1148,574,1081,,,,,,,,,,,O0239,3/8/2025,A01,436601,,
T0240,2/24/2025,A03,80629,5794,1655,827,4034,,,,,,,,,,,O0240,2/8/2025,A10,176888,,
T0241,1/8/2025,A07,110947,10405,2972,1486,5918,,,,,,,,,,,O0241,3/16/2025,A07,243510,,
T0242,2/28/2025,A03,115904,5857,1673,836,2498,,,,,,,,,,,O0242,1/24/2025,A08,472587,,
T0243,3/8/2025,A05,68230,2482,709,354,1037,,,,,,,,,,,O0243,2/15/2025,A01,350611,,
T0244,2/3/2025,A08,44986,3630,1037,518,985,,,,,,,,,,,O0244,3/31/2025,A06,346037,,
T0245,2/15/2025,A04,78506,4084,1166,583,3620,,,,,,,,,,,O0245,2/11/2025,A05,81007,,
T0246,2/23/2025,A02,89458,9159,2616,1308,5118,,,,,,,,,,,O0246,2/8/2025,A07,220604,,
T0247,3/23/2025,A08,126300,8013,2289,1144,3308,,,,,,,,,,,O0247,2/5/2025,A07,423479,,
T0248,3/26/2025,A09,11150,884,252,126,521,,,,,,,,,,,O0248,2/5/2025,A09,457426,,
T0249,1/1/2025,A02,149931,11995,3427,1713,6776,,,,,,,,,,,O0249,3/14/2025,A09,81367,,
T0250,1/2/2025,A01,28236,1663,475,237,648,,,,,,,,,,,O0250,3/11/2025,A10,118008,,
T0251,1/5/2025,A09,99914,7625,2178,1089,2338,,,,,,,,,,,O0251,3/9/2025,A04,166492,,
T0252,2/13/2025,A01,137351,10114,2889,1444,4368,,,,,,,,,,,O0252,2/18/2025,A08,376459,,
T0253,1/24/2025,A02,125674,12742,3640,1820,6055,,,,,,,,,,,O0253,1/2/2025,A04,251659,,
T0254,3/22/2025,A04,24063,2501,714,357,807,,,,,,,,,,,O0254,1/5/2025,A05,348522,,
T0255,3/7/2025,A03,40954,2902,829,414,1928,,,,,,,,,,,O0255,2/1/2025,A07,457700,,
T0256,1/4/2025,A07,104608,5549,1585,792,1774,,,,,,,,,,,O0256,1/8/2025,A08,368693,,
T0257,3/28/2025,A08,60961,4376,1250,625,1132,,,,,,,,,,,O0257,3/13/2025,A01,385938,,
T0258,3/26/2025,A08,79532,2886,824,412,4431,,,,,,,,,,,O0258,2/13/2025,A07,357257,,
T0259,3/17/2025,A04,36653,1455,415,207,1109,,,,,,,,,,,O0259,1/3/2025,A06,124069,,
T0260,1/27/2025,A07,6622,281,80,40,112,,,,,,,,,,,O0260,3/11/2025,A07,448465,,
T0261,1/12/2025,A01,86182,8288,2368,1184,3436,,,,,,,,,,,O0261,3/28/2025,A03,301051,,
T0262,1/26/2025,A03,52924,2502,714,357,2948,,,,,,,,,,,O0262,1/2/2025,A08,175541,,
T0263,3/5/2025,A07,106332,6573,1878,939,3822,,,,,,,,,,,O0263,3/22/2025,A03,306353,,
T0264,2/22/2025,A01,106371,10860,3103,1551,2044,,,,,,,,,,,O0264,3/28/2025,A10,365507,,
T0265,1/11/2025,A07,16555,1472,420,210,222,,,,,,,,,,,O0265,1/8/2025,A09,181733,,
T0266,2/23/2025,A05,94599,9373,2678,1339,4358,,,,,,,,,,,O0266,2/13/2025,A01,145673,,
T0267,2/5/2025,A08,9853,437,125,62,336,,,,,,,,,,,O0267,2/5/2025,A07,92828,,
T0268,3/3/2025,A05,119130,9131,2609,1304,1497,,,,,,,,,,,O0268,1/31/2025,A10,381054,,
T0269,3/14/2025,A07,43890,2563,732,366,2130,,,,,,,,,,,O0269,2/24/2025,A10,312351,,
T0270,3/2/2025,A09,20048,1195,341,170,614,,,,,,,,,,,O0270,3/3/2025,A01,400877,,
T0271,1/3/2025,A08,88559,5795,1655,827,1976,,,,,,,,,,,O0271,2/24/2025,A02,306911,,
T0272,1/12/2025,A03,33145,3014,861,430,1482,,,,,,,,,,,O0272,1/12/2025,A07,210400,,
T0273,2/18/2025,A04,56474,3220,920,460,2844,,,,,,,,,,,O0273,1/16/2025,A03,201175,,
T0274,3/3/2025,A05,41408,2742,783,391,797,,,,,,,,,,,O0274,3/25/2025,A08,191826,,
T0275,3/22/2025,A04,95327,8397,2399,1199,3998,,,,,,,,,,,O0275,1/16/2025,A03,393581,,
T0276,3/13/2025,A01,137822,11809,3374,1687,5769,,,,,,,,,,,O0276,1/23/2025,A01,152747,,
T0277,1/26/2025,A10,82454,6886,1967,983,1037,,,,,,,,,,,O0277,1/5/2025,A05,243783,,
T0278,1/26/2025,A09,42641,3248,928,464,2557,,,,,,,,,,,O0278,3/6/2025,A07,263277,,
T0279,3/20/2025,A01,61276,4174,1192,596,1571,,,,,,,,,,,O0279,1/21/2025,A06,194467,,
T0280,3/13/2025,A06,144892,12485,3567,1783,2844,,,,,,,,,,,O0280,3/11/2025,A04,433381,,
T0281,2/8/2025,A01,46786,4730,1351,675,1577,,,,,,,,,,,O0281,3/23/2025,A08,308503,,
T0282,1/17/2025,A01,24426,1400,400,200,1256,,,,,,,,,,,O0282,2/1/2025,A06,169968,,
T0283,3/1/2025,A10,94613,7260,2074,1037,2034,,,,,,,,,,,O0283,1/16/2025,A06,60699,,
T0284,2/8/2025,A08,139055,9159,2617,1308,4202,,,,,,,,,,,O0284,2/7/2025,A07,59715,,
T0285,1/25/2025,A09,99071,7208,2059,1029,4907,,,,,,,,,,,O0285,1/14/2025,A05,459379,,
T0286,2/11/2025,A09,12564,990,282,141,682,,,,,,,,,,,O0286,1/23/2025,A07,269249,,
T0287,2/11/2025,A03,79859,4097,1170,585,896,,,,,,,,,,,O0287,3/7/2025,A05,265400,,
T0288,1/18/2025,A01,130341,4564,1304,652,2512,,,,,,,,,,,O0288,3/26/2025,A02,85585,,
T0289,1/29/2025,A09,149991,13636,3896,1948,8983,,,,,,,,,,,O0289,3/14/2025,A08,396560,,
T0290,1/16/2025,A02,66916,2518,719,359,2274,,,,,,,,,,,O0290,3/16/2025,A01,439954,,
T0291,1/30/2025,A03,90431,4884,1395,697,2705,,,,,,,,,,,O0291,2/21/2025,A09,223757,,
T0292,2/18/2025,A02,29574,1907,544,272,1386,,,,,,,,,,,O0292,1/23/2025,A01,68073,,
T0293,3/9/2025,A10,7050,477,136,68,175,,,,,,,,,,,O0293,3/9/2025,A06,246049,,
T0294,2/22/2025,A02,117573,8963,2560,1280,2805,,,,,,,,,,,O0294,2/24/2025,A04,140373,,
T0295,1/12/2025,A04,140566,8701,2486,1243,6182,,,,,,,,,,,O0295,2/4/2025,A02,140517,,
T0296,3/11/2025,A07,48001,4361,1246,623,1101,,,,,,,,,,,O0296,2/12/2025,A01,60382,,
T0297,1/11/2025,A02,136878,13213,3775,1887,7834,,,,,,,,,,,O0297,3/27/2025,A01,252043,,
T0298,1/4/2025,A10,39636,4131,1180,590,1869,,,,,,,,,,,O0298,1/12/2025,A04,278590,,
T0299,3/15/2025,A04,133583,13490,3854,1927,5674,,,,,,,,,,,O0299,2/18/2025,A04,193401,,
T0300,1/3/2025,A10,45042,2133,609,304,946,,,,,,,,,,,O0300,2/7/2025,A01,337313,,
T0301,3/28/2025,A10,123533,11248,3213,1606,5125,,,,,,,,,,,O0301,2/14/2025,A10,84594,,
T0302,3/2/2025,A01,51600,5157,1473,736,3082,,,,,,,,,,,O0302,1/30/2025,A03,241703,,
T0303,1/17/2025,A10,12657,899,256,128,437,,,,,,,,,,,O0303,1/30/2025,A04,123861,,
T0304,1/13/2025,A02,117855,11528,3293,1646,3909,,,,,,,,,,,O0304,3/8/2025,A03,343894,,
T0305,3/9/2025,A07,12287,1073,306,153,144,,,,,,,,,,,O0305,2/21/2025,A08,90461,,
T0306,2/25/2025,A10,39701,3779,1079,539,1305,,,,,,,,,,,O0306,3/14/2025,A02,128222,,
T0307,1/25/2025,A10,48642,2143,612,306,2647,,,,,,,,,,,O0307,1/21/2025,A10,336370,,
T0308,2/9/2025,A09,93801,8943,2555,1277,4734,,,,,,,,,,,O0308,3/7/2025,A04,499370,,
T0309,3/29/2025,A06,47520,3495,998,499,681,,,,,,,,,,,O0309,1/2/2025,A08,495346,,
T0310,1/5/2025,A05,110595,6756,1930,965,2542,,,,,,,,,,,O0310,3/23/2025,A05,253981,,
T0311,3/1/2025,A04,75831,5286,1510,755,1065,,,,,,,,,,,O0311,1/20/2025,A06,236321,,
T0312,3/22/2025,A06,145975,12090,3454,1727,2015,,,,,,,,,,,O0312,1/10/2025,A03,448872,,
T0313,2/27/2025,A04,130991,12680,3622,1811,4689,,,,,,,,,,,O0313,3/7/2025,A10,386664,,
T0314,3/18/2025,A05,133322,7912,2260,1130,5852,,,,,,,,,,,O0314,2/23/2025,A10,79984,,
T0315,2/9/2025,A07,104616,10095,2884,1442,5217,,,,,,,,,,,O0315,2/5/2025,A02,254894,,
T0316,2/11/2025,A03,110228,10316,2947,1473,4946,,,,,,,,,,,O0316,1/14/2025,A03,212624,,
T0317,1/5/2025,A05,91206,7654,2187,1093,1774,,,,,,,,,,,O0317,3/21/2025,A05,218757,,
T0318,1/31/2025,A08,53874,5510,1574,787,1792,,,,,,,,,,,O0318,2/21/2025,A02,61138,,
T0319,2/22/2025,A06,52638,1861,531,265,2684,,,,,,,,,,,O0319,2/10/2025,A10,73429,,
T0320,3/19/2025,A02,47534,2198,628,314,2419,,,,,,,,,,,O0320,1/25/2025,A01,252380,,
T0321,1/13/2025,A01,97124,5158,1473,736,1909,,,,,,,,,,,O0321,1/8/2025,A05,413412,,
T0322,3/1/2025,A08,80418,8337,2382,1191,3344,,,,,,,,,,,O0322,3/9/2025,A10,197992,,
T0323,3/24/2025,A10,36575,3376,964,482,600,,,,,,,,,,,O0323,3/20/2025,A07,489875,,
T0324,1/28/2025,A10,34257,2235,638,319,1781,,,,,,,,,,,O0324,2/14/2025,A07,441099,,
T0325,1/20/2025,A02,96357,8456,2416,1208,4763,,,,,,,,,,,O0325,1/12/2025,A04,57967,,
T0326,3/5/2025,A02,88807,7900,2257,1128,5094,,,,,,,,,,,O0326,1/13/2025,A02,255342,,
T0327,1/22/2025,A09,128797,10896,3113,1556,4337,,,,,,,,,,,O0327,3/19/2025,A10,78179,,
T0328,1/14/2025,A04,25953,1044,298,149,1365,,,,,,,,,,,O0328,1/18/2025,A04,233260,,
T0329,2/21/2025,A09,120374,12377,3536,1768,5715,,,,,,,,,,,O0329,3/1/2025,A02,85262,,
T0330,2/2/2025,A05,105732,6539,1868,934,1404,,,,,,,,,,,O0330,1/6/2025,A05,429551,,
T0331,3/16/2025,A03,12813,781,223,111,652,,,,,,,,,,,O0331,2/12/2025,A10,398413,,
T0332,1/29/2025,A06,34241,1200,343,171,614,,,,,,,,,,,O0332,1/2/2025,A02,284555,,
T0333,2/8/2025,A02,128395,8324,2378,1189,4181,,,,,,,,,,,O0333,1/23/2025,A10,253218,,
T0334,2/1/2025,A04,46846,4347,1242,621,1167,,,,,,,,,,,O0334,1/31/2025,A01,352066,,
T0335,3/8/2025,A06,83797,4282,1223,611,1388,,,,,,,,,,,O0335,1/5/2025,A06,92913,,
T0336,2/28/2025,A05,102883,8867,2533,1266,5707,,,,,,,,,,,O0336,1/10/2025,A09,416936,,
T0337,1/1/2025,A03,53901,4754,1358,679,1731,,,,,,,,,,,O0337,1/2/2025,A07,498893,,
T0338,3/2/2025,A08,17857,1742,497,248,383,,,,,,,,,,,O0338,1/11/2025,A06,493057,,
T0339,1/18/2025,A09,31431,3010,860,430,1437,,,,,,,,,,,O0339,1/31/2025,A02,432007,,
T0340,3/30/2025,A05,23639,1726,493,246,424,,,,,,,,,,,O0340,3/20/2025,A09,206104,,
T0341,1/27/2025,A10,141848,5869,1677,838,2508,,,,,,,,,,,O0341,3/28/2025,A06,240546,,
T0342,3/5/2025,A09,90553,7993,2283,1141,3740,,,,,,,,,,,O0342,1/9/2025,A01,210866,,
T0343,2/15/2025,A01,141727,14096,4027,2013,5787,,,,,,,,,,,O0343,1/21/2025,A07,252056,,
T0344,1/17/2025,A09,5526,379,108,54,87,,,,,,,,,,,O0344,1/28/2025,A08,275469,,
T0345,2/7/2025,A05,33541,2783,795,397,1057,,,,,,,,,,,O0345,1/7/2025,A02,147359,,
T0346,1/2/2025,A02,70455,4890,1397,698,930,,,,,,,,,,,O0346,1/16/2025,A07,204363,,
T0347,3/22/2025,A03,59615,3894,1112,556,3530,,,,,,,,,,,O0347,1/4/2025,A06,96851,,
T0348,3/23/2025,A05,107471,7256,2073,1036,4731,,,,,,,,,,,O0348,2/9/2025,A08,73312,,
T0349,1/11/2025,A02,88309,9116,2604,1302,4070,,,,,,,,,,,O0349,2/21/2025,A03,249900,,
T0350,1/11/2025,A02,69288,7045,2013,1006,3837,,,,,,,,,,,O0350,2/21/2025,A07,410867,,
