post_id,post_date,creator_id,views,likes,comments,shares,clicks
T0001,2025-03-13,A02,126958,11522,3292,1646,2434
T0002,2025-03-28,A01,115268,8850,2528,1264,3722
T0003,2025-01-24,A05,92498,8845,2527,1263,3705
T0004,2025-01-30,A04,46090,1679,479,239,2696
T0005,2025-02-27,A04,10311,1077,307,153,421
T0006,2025-03-01,A03,135608,9727,2779,1389,4067
T0007,2025-03-03,A02,128855,6609,1888,944,1872
T0008,2025-01-03,A09,124346,7681,2194,1097,7356
T0009,2025-02-08,A02,74092,5744,1641,820,1372
T0010,2025-01-09,A10,92313,9362,2675,1337,5380
T0011,2025-03-01,A07,73148,3742,1069,534,1613
T0012,2025-02-04,A01,129358,10051,2871,1435,6682
T0013,2025-01-04,A01,85077,5306,1516,758,1625
T0014,2025-01-04,A02,24457,1583,452,226,498
T0015,2025-02-03,A04,14692,1511,431,215,716
T0016,2025-02-17,A04,42065,4107,1173,586,1678
T0017,2025-03-03,A09,16534,681,194,97,327
T0018,2025-02-22,A10,60591,5702,1629,814,2869
T0019,2025-02-10,A01,91807,5505,1573,786,2207
T0020,2025-03-12,A09,43044,3923,1121,560,590
T0021,2025-03-29,A04,7568,673,192,96,150
T0022,2025-02-04,A09,141330,6913,1975,987,6439
T0023,2025-02-10,A07,134312,10398,2970,1485,7563
T0024,2025-02-02,A04,27662,2614,746,373,898
T0025,2025-02-06,A08,94135,5738,1639,819,4089
T0026,2025-02-16,A10,15965,1550,442,221,536
T0027,2025-01-09,A05,103806,9235,2638,1319,3601
T0028,2025-03-18,A01,136278,8848,2528,1264,1535
T0029,2025-01-04,A03,55015,4376,1250,625,1414
T0030,2025-01-29,A07,110878,8571,2449,1224,4101
T0031,2025-01-28,A06,67623,5201,1486,743,3025
T0032,2025-01-06,A05,48585,3823,1092,546,1204
T0033,2025-03-03,A03,100259,5042,1440,720,3090
T0034,2025-03-03,A04,23047,2109,602,301,1263
T0035,2025-03-18,A06,28776,1555,444,222,1219
T0036,2025-01-27,A02,60016,3380,965,482,1094
T0037,2025-02-13,A02,124101,6273,1792,896,1984
T0038,2025-02-21,A07,78530,4525,1292,646,2822
T0039,2025-02-08,A02,56005,5769,1648,824,3255
T0040,2025-01-02,A06,72172,3965,1132,566,854
T0041,2025-01-01,A06,117859,4549,1299,649,2820
T0042,2025-03-09,A10,55859,3705,1058,529,2102
T0043,2025-02-07,A05,103506,6301,1800,900,2288
T0044,2025-01-11,A01,111308,8822,2520,1260,4638
T0045,2025-02-28,A08,115078,4755,1358,679,5957
T0046,2025-02-28,A09,56663,2144,612,306,2240
T0047,2025-01-19,A02,117547,4250,1214,607,4185
T0048,2025-02-02,A07,147483,11822,3377,1688,2760
T0049,2025-01-11,A02,76295,5435,1552,776,3958
T0050,2025-01-31,A09,13155,1137,324,162,269
T0051,2025-01-16,A05,90981,7615,2175,1087,1949
T0052,2025-01-02,A10,101601,10541,3011,1505,3640
T0053,2025-02-01,A06,108727,11153,3186,1593,4122
T0054,2025-01-03,A10,12400,737,210,105,574
T0055,2025-01-24,A04,9499,922,263,131,465
T0056,2025-03-25,A02,148946,14968,4276,2138,7338
T0057,2025-01-18,A01,131063,5518,1576,788,5658
T0058,2025-03-21,A04,26357,1934,552,276,1175
T0059,2025-02-02,A05,55108,2793,798,399,2513
T0060,2025-01-08,A02,96412,4581,1308,654,2730
T0061,2025-02-28,A04,91416,5170,1477,738,3394
T0062,2025-02-20,A02,24830,1304,372,186,980
T0063,2025-01-21,A07,81213,7993,2283,1141,2576
T0064,2025-03-10,A05,59045,4732,1352,676,2565
T0065,2025-02-04,A08,98179,8401,2400,1200,2360
T0066,2025-01-30,A06,114616,4361,1246,623,6845
T0067,2025-02-06,A03,48484,2645,755,377,2626
T0068,2025-03-01,A06,8420,547,156,78,491
T0069,2025-03-28,A06,129019,7174,2049,1024,3774
T0070,2025-02-23,A04,123015,8484,2424,1212,3522
T0071,2025-02-01,A05,108746,8145,2327,1163,1615
T0072,2025-01-27,A02,9014,940,268,134,153
T0073,2025-02-02,A10,15729,1516,433,216,739
T0074,2025-02-11,A03,110864,9331,2666,1333,3101
T0075,2025-01-07,A09,34592,2691,768,384,487
T0076,2025-01-16,A04,115627,10508,3002,1501,4913
T0077,2025-03-07,A03,92922,5450,1557,778,2674
T0078,2025-02-27,A08,147038,12063,3446,1723,3882
T0079,2025-03-27,A07,131141,7220,2062,1031,5185
T0080,2025-02-23,A05,36024,1355,387,193,1841
T0081,2025-01-05,A09,118632,11026,3150,1575,2797
T0082,2025-02-16,A04,92235,8664,2475,1237,1818
T0083,2025-01-30,A06,78523,3477,993,496,4591
T0084,2025-02-27,A01,91672,5767,1647,823,2903
T0085,2025-03-03,A04,117566,6179,1765,882,2259
T0086,2025-02-27,A01,137222,11487,3282,1641,4178
T0087,2025-02-17,A06,21896,1444,412,206,481
T0088,2025-01-16,A07,25056,2034,581,290,601
T0089,2025-01-22,A05,149572,12960,3703,1851,5641
T0090,2025-01-29,A02,72215,3329,951,475,1156
T0091,2025-03-03,A04,14435,551,157,78,173
T0092,2025-02-08,A10,48919,2047,584,292,1691
T0093,2025-01-10,A06,61573,4025,1150,575,1842
T0094,2025-01-10,A04,103116,10009,2859,1429,2376
T0095,2025-03-10,A08,28289,2838,811,405,991
T0096,2025-01-02,A07,21364,991,283,141,289
T0097,2025-03-25,A08,99704,9542,2726,1363,4169
T0098,2025-02-20,A03,16938,1355,387,193,557
T0099,2025-02-02,A05,98610,9949,2842,1421,2889
T0100,2025-01-12,A03,74449,3682,1052,526,1764
T0101,2025-02-04,A04,43494,2670,763,381,519
T0102,2025-01-26,A09,32350,1293,369,184,839
T0103,2025-01-07,A09,80353,4728,1350,675,1850
T0104,2025-03-16,A05,8267,690,197,98,226
T0105,2025-02-05,A10,136484,5151,1471,735,4216
T0106,2025-02-18,A07,49425,3194,912,456,1899
T0107,2025-01-24,A10,88042,5624,1606,803,2518
T0108,2025-02-24,A07,143429,10661,3046,1523,3145
T0109,2025-01-30,A06,76180,6611,1889,944,1669
T0110,2025-03-30,A04,116888,8463,2418,1209,4070
T0111,2025-01-12,A03,124180,12130,3465,1732,3658
T0112,2025-03-24,A09,64163,6512,1860,930,3691
T0113,2025-01-12,A08,10486,428,122,61,152
T0114,2025-01-16,A02,147202,7344,2098,1049,8436
T0115,2025-02-27,A01,32192,1382,394,197,1820
T0116,2025-02-04,A02,16174,1693,483,241,206
T0117,2025-03-17,A03,43102,3155,901,450,1952
T0118,2025-01-09,A03,6542,424,121,60,138
T0119,2025-01-29,A07,98105,9558,2731,1365,1700
T0120,2025-03-06,A10,59693,6211,1774,887,1713
T0121,2025-01-31,A02,137396,12054,3444,1722,3958
T0122,2025-02-08,A07,31790,2056,587,293,1758
T0123,2025-02-27,A07,20485,1423,406,203,216
T0124,2025-02-08,A10,35355,1531,437,218,561
T0125,2025-03-04,A08,57224,4730,1351,675,1251
T0126,2025-01-06,A09,33016,1347,384,192,1202
T0127,2025-02-16,A05,41395,4282,1223,611,1564
T0128,2025-02-05,A09,133148,5064,1447,723,7487
T0129,2025-02-16,A01,96362,8063,2303,1151,1327
T0130,2025-01-01,A02,22640,1135,324,162,559
T0131,2025-02-26,A09,115133,8738,2496,1248,6338
T0132,2025-03-13,A05,143186,7827,2236,1118,8236
T0133,2025-02-05,A06,130899,5559,1588,794,3505
T0134,2025-01-28,A02,66529,4136,1181,590,1428
T0135,2025-03-04,A05,132016,7022,2006,1003,4311
T0136,2025-03-18,A07,110616,6037,1725,862,3380
T0137,2025-01-06,A03,102007,4731,1351,675,5666
T0138,2025-01-25,A08,141785,9097,2599,1299,5537
T0139,2025-01-05,A01,134473,5485,1567,783,7239
T0140,2025-02-18,A05,6015,369,105,52,303
T0141,2025-03-27,A09,133778,10245,2927,1463,3885
T0142,2025-01-01,A03,11970,1124,321,160,621
T0143,2025-03-22,A09,5404,210,60,30,287
T0144,2025-01-23,A02,103142,9024,2578,1289,5740
T0145,2025-03-24,A05,28524,2448,699,349,1364
T0146,2025-01-01,A09,149528,7756,2216,1108,3028
T0147,2025-03-06,A10,50106,2717,776,388,1020
T0148,2025-03-13,A04,42744,3761,1074,537,527
T0149,2025-01-03,A03,129454,10616,3033,1516,4662
T0150,2025-01-05,A06,99074,5602,1600,800,5034
T0151,2025-02-16,A03,130917,12615,3604,1802,3950
T0152,2025-03-07,A09,20254,1779,508,254,830
T0153,2025-02-07,A09,58682,5763,1646,823,2397
T0154,2025-02-20,A01,60393,4805,1372,686,2279
T0155,2025-03-29,A10,80745,4794,1369,684,2882
T0156,2025-02-20,A06,47318,2969,848,424,1944
T0157,2025-02-25,A08,48088,4879,1394,697,834
T0158,2025-01-06,A01,24963,989,282,141,306
T0159,2025-02-12,A02,19388,1150,328,164,396
T0160,2025-01-23,A06,148087,8723,2492,1246,5458
T0161,2025-01-04,A05,142162,6357,1816,908,5977
T0162,2025-01-27,A04,113215,7224,2064,1032,6081
T0163,2025-02-20,A01,74724,7705,2201,1100,2996
T0164,2025-03-02,A04,62108,2908,830,415,1486
T0165,2025-01-12,A10,28061,1156,330,165,449
T0166,2025-01-27,A02,56745,2497,713,356,1504
T0167,2025-03-27,A02,28624,1186,339,169,974
T0168,2025-02-17,A08,146550,10378,2965,1482,2615
T0169,2025-02-21,A02,140504,7640,2183,1091,7068
T0170,2025-03-31,A09,136374,8309,2374,1187,4667
T0171,2025-01-26,A03,33699,2049,585,292,1116
T0172,2025-01-03,A03,9621,436,124,62,160
T0173,2025-01-18,A08,23030,2167,619,309,1093
T0174,2025-03-05,A09,110977,6635,1895,947,3313
T0175,2025-02-08,A03,78688,6815,1947,973,1504
T0176,2025-02-13,A05,55448,2761,788,394,1462
T0177,2025-03-09,A09,9632,937,267,133,382
T0178,2025-03-27,A10,12561,1133,323,161,438
T0179,2025-03-24,A07,17910,1561,446,223,565
T0180,2025-03-05,A04,105776,6200,1771,885,5815
T0181,2025-02-02,A09,131394,7874,2249,1124,7795
T0182,2025-01-04,A04,121148,5103,1458,729,2137
T0183,2025-01-03,A05,81125,3823,1092,546,4448
T0184,2025-03-07,A07,9324,967,276,138,145
T0185,2025-01-06,A06,46427,4775,1364,682,2473
T0186,2025-02-20,A08,136189,7225,2064,1032,2525
T0187,2025-02-20,A09,58441,4323,1235,617,2254
T0188,2025-03-09,A08,93236,8285,2367,1183,1804
T0189,2025-01-12,A02,96922,4745,1355,677,4537
T0190,2025-02-07,A04,132534,11199,3199,1599,6413
T0191,2025-03-18,A04,6828,480,137,68,386
T0192,2025-01-10,A02,52362,2022,577,288,1404
T0193,2025-01-13,A06,87180,3438,982,491,5187
T0194,2025-03-14,A01,10287,943,269,134,233
T0195,2025-02-18,A10,98070,6669,1905,952,3000
T0196,2025-03-19,A09,88524,8245,2355,1177,5156
T0197,2025-03-17,A04,72444,6241,1783,891,4123
T0198,2025-01-22,A10,78698,3120,891,445,3703
T0199,2025-01-14,A04,142023,12740,3640,1820,7299
T0200,2025-03-24,A01,93861,8706,2487,1243,1813
T0201,2025-02-11,A02,136149,9750,2785,1392,3804
T0202,2025-02-01,A01,48303,3218,919,459,2206
T0203,2025-03-04,A04,148026,11647,3327,1663,5475
T0204,2025-03-07,A02,145256,7445,2127,1063,7985
T0205,2025-02-20,A01,132796,13074,3735,1867,5472
T0206,2025-03-13,A06,46157,4652,1329,664,1910
T0207,2025-01-27,A02,85910,8290,2368,1184,2987
T0208,2025-01-27,A09,103723,10874,3106,1553,4939
T0209,2025-01-10,A04,7336,273,78,39,282
T0210,2025-02-07,A05,107916,10400,2971,1485,2924
T0211,2025-01-15,A08,76907,5152,1472,736,3091
T0212,2025-03-17,A04,25103,1142,326,163,538
T0213,2025-02-05,A09,139828,11941,3411,1705,5880
T0214,2025-03-15,A03,129714,9979,2851,1425,6659
T0215,2025-03-31,A10,81325,4140,1183,591,2535
T0216,2025-03-03,A10,81077,6327,1807,903,4507
T0217,2025-03-01,A08,114777,8929,2551,1275,1251
T0218,2025-03-09,A04,32306,3238,925,462,1235
T0219,2025-01-31,A08,65279,2389,682,341,2778
T0220,2025-03-19,A07,114945,4577,1307,653,1593
T0221,2025-01-21,A04,139869,13811,3946,1973,2257
T0222,2025-01-01,A02,137717,6616,1890,945,7144
T0223,2025-01-15,A02,105158,5973,1706,853,2247
T0224,2025-03-15,A07,73244,4508,1288,644,3458
T0225,2025-03-04,A06,44224,1562,446,223,1179
T0226,2025-01-02,A07,68731,4991,1426,713,3848
T0227,2025-01-17,A07,13070,774,221,110,612
T0228,2025-02-20,A08,142855,7245,2070,1035,4660
T0229,2025-02-02,A01,72526,3378,965,482,848
T0230,2025-01-26,A02,126008,11294,3227,1613,3008
T0231,2025-03-22,A01,146467,7306,2087,1043,5237
T0232,2025-03-27,A07,51163,3434,981,490,1937
T0233,2025-03-12,A06,101731,7370,2105,1052,1955
T0234,2025-02-25,A02,6759,268,76,38,321
T0235,2025-02-14,A04,98501,4861,1389,694,1924
T0236,2025-01-01,A04,95397,8925,2550,1275,3756
T0237,2025-02-07,A04,69077,5870,1677,838,2513
T0238,2025-02-24,A09,124614,5259,1502,751,3329
T0239,2025-03-24,A08,45806,4018,1148,574,1081
T0240,2025-02-24,A03,80629,5794,1655,827,4034
T0241,2025-01-08,A07,110947,10405,2972,1486,5918
T0242,2025-02-28,A03,115904,5857,1673,836,2498
T0243,2025-03-08,A05,68230,2482,709,354,1037
T0244,2025-02-03,A08,44986,3630,1037,518,985
T0245,2025-02-15,A04,78506,4084,1166,583,3620
T0246,2025-02-23,A02,89458,9159,2616,1308,5118
T0247,2025-03-23,A08,126300,8013,2289,1144,3308
T0248,2025-03-26,A09,11150,884,252,126,521
T0249,2025-01-01,A02,149931,11995,3427,1713,6776
T0250,2025-01-02,A01,28236,1663,475,237,648
T0251,2025-01-05,A09,99914,7625,2178,1089,2338
T0252,2025-02-13,A01,137351,10114,2889,1444,4368
T0253,2025-01-24,A02,125674,12742,3640,1820,6055
T0254,2025-03-22,A04,24063,2501,714,357,807
T0255,2025-03-07,A03,40954,2902,829,414,1928
T0256,2025-01-04,A07,104608,5549,1585,792,1774
T0257,2025-03-28,A08,60961,4376,1250,625,1132
T0258,2025-03-26,A08,79532,2886,824,412,4431
T0259,2025-03-17,A04,36653,1455,415,207,1109
T0260,2025-01-27,A07,6622,281,80,40,112
T0261,2025-01-12,A01,86182,8288,2368,1184,3436
T0262,2025-01-26,A03,52924,2502,714,357,2948
T0263,2025-03-05,A07,106332,6573,1878,939,3822
T0264,2025-02-22,A01,106371,10860,3103,1551,2044
T0265,2025-01-11,A07,16555,1472,420,210,222
T0266,2025-02-23,A05,94599,9373,2678,1339,4358
T0267,2025-02-05,A08,9853,437,125,62,336
T0268,2025-03-03,A05,119130,9131,2609,1304,1497
T0269,2025-03-14,A07,43890,2563,732,366,2130
T0270,2025-03-02,A09,20048,1195,341,170,614
T0271,2025-01-03,A08,88559,5795,1655,827,1976
T0272,2025-01-12,A03,33145,3014,861,430,1482
T0273,2025-02-18,A04,56474,3220,920,460,2844
T0274,2025-03-03,A05,41408,2742,783,391,797
T0275,2025-03-22,A04,95327,8397,2399,1199,3998
T0276,2025-03-13,A01,137822,11809,3374,1687,5769
T0277,2025-01-26,A10,82454,6886,1967,983,1037
T0278,2025-01-26,A09,42641,3248,928,464,2557
T0279,2025-03-20,A01,61276,4174,1192,596,1571
T0280,2025-03-13,A06,144892,12485,3567,1783,2844
T0281,2025-02-08,A01,46786,4730,1351,675,1577
T0282,2025-01-17,A01,24426,1400,400,200,1256
T0283,2025-03-01,A10,94613,7260,2074,1037,2034
T0284,2025-02-08,A08,139055,9159,2617,1308,4202
T0285,2025-01-25,A09,99071,7208,2059,1029,4907
T0286,2025-02-11,A09,12564,990,282,141,682
T0287,2025-02-11,A03,79859,4097,1170,585,896
T0288,2025-01-18,A01,130341,4564,1304,652,2512
T0289,2025-01-29,A09,149991,13636,3896,1948,8983
T0290,2025-01-16,A02,66916,2518,719,359,2274
T0291,2025-01-30,A03,90431,4884,1395,697,2705
T0292,2025-02-18,A02,29574,1907,544,272,1386
T0293,2025-03-09,A10,7050,477,136,68,175
T0294,2025-02-22,A02,117573,8963,2560,1280,2805
T0295,2025-01-12,A04,140566,8701,2486,1243,6182
T0296,2025-03-11,A07,48001,4361,1246,623,1101
T0297,2025-01-11,A02,136878,13213,3775,1887,7834
T0298,2025-01-04,A10,39636,4131,1180,590,1869
T0299,2025-03-15,A04,133583,13490,3854,1927,5674
T0300,2025-01-03,A10,45042,2133,609,304,946
T0301,2025-03-28,A10,123533,11248,3213,1606,5125
T0302,2025-03-02,A01,51600,5157,1473,736,3082
T0303,2025-01-17,A10,12657,899,256,128,437
T0304,2025-01-13,A02,117855,11528,3293,1646,3909
T0305,2025-03-09,A07,12287,1073,306,153,144
T0306,2025-02-25,A10,39701,3779,1079,539,1305
T0307,2025-01-25,A10,48642,2143,612,306,2647
T0308,2025-02-09,A09,93801,8943,2555,1277,4734
T0309,2025-03-29,A06,47520,3495,998,499,681
T0310,2025-01-05,A05,110595,6756,1930,965,2542
T0311,2025-03-01,A04,75831,5286,1510,755,1065
T0312,2025-03-22,A06,145975,12090,3454,1727,2015
T0313,2025-02-27,A04,130991,12680,3622,1811,4689
T0314,2025-03-18,A05,133322,7912,2260,1130,5852
T0315,2025-02-09,A07,104616,10095,2884,1442,5217
T0316,2025-02-11,A03,110228,10316,2947,1473,4946
T0317,2025-01-05,A05,91206,7654,2187,1093,1774
T0318,2025-01-31,A08,53874,5510,1574,787,1792
T0319,2025-02-22,A06,52638,1861,531,265,2684
T0320,2025-03-19,A02,47534,2198,628,314,2419
T0321,2025-01-13,A01,97124,5158,1473,736,1909
T0322,2025-03-01,A08,80418,8337,2382,1191,3344
T0323,2025-03-24,A10,36575,3376,964,482,600
T0324,2025-01-28,A10,34257,2235,638,319,1781
T0325,2025-01-20,A02,96357,8456,2416,1208,4763
T0326,2025-03-05,A02,88807,7900,2257,1128,5094
T0327,2025-01-22,A09,128797,10896,3113,1556,4337
T0328,2025-01-14,A04,25953,1044,298,149,1365
T0329,2025-02-21,A09,120374,12377,3536,1768,5715
T0330,2025-02-02,A05,105732,6539,1868,934,1404
T0331,2025-03-16,A03,12813,781,223,111,652
T0332,2025-01-29,A06,34241,1200,343,171,614
T0333,2025-02-08,A02,128395,8324,2378,1189,4181
T0334,2025-02-01,A04,46846,4347,1242,621,1167
T0335,2025-03-08,A06,83797,4282,1223,611,1388
T0336,2025-02-28,A05,102883,8867,2533,1266,5707
T0337,2025-01-01,A03,53901,4754,1358,679,1731
T0338,2025-03-02,A08,17857,1742,497,248,383
T0339,2025-01-18,A09,31431,3010,860,430,1437
T0340,2025-03-30,A05,23639,1726,493,246,424
T0341,2025-01-27,A10,141848,5869,1677,838,2508
T0342,2025-03-05,A09,90553,7993,2283,1141,3740
T0343,2025-02-15,A01,141727,14096,4027,2013,5787
T0344,2025-01-17,A09,5526,379,108,54,87
T0345,2025-02-07,A05,33541,2783,795,397,1057
T0346,2025-01-02,A02,70455,4890,1397,698,930
T0347,2025-03-22,A03,59615,3894,1112,556,3530
T0348,2025-03-23,A05,107471,7256,2073,1036,4731
T0349,2025-01-11,A02,88309,9116,2604,1302,4070
T0350,2025-01-11,A02,69288,7045,2013,1006,3837
